{
  "Total" : {
    "transaction" : "Total",
    "sampleCount" : 4314,
    "errorCount" : 2,
    "errorPct" : 0.046360686,
    "meanResTime" : 1415.2742234585103,
    "medianResTime" : 649.0,
    "minResTime" : 93.0,
    "maxResTime" : 79749.0,
    "pct1ResTime" : 2637.5,
    "pct2ResTime" : 4724.25,
    "pct3ResTime" : 14625.55000000003,
    "throughput" : 23.051398098820712,
    "receivedKBytesPerSec" : 99.49286920008069,
    "sentKBytesPerSec" : 10.470937242849205
  },
  "获得邀请码" : {
    "transaction" : "获得邀请码",
    "sampleCount" : 601,
    "errorCount" : 0,
    "errorPct" : 0.0,
    "meanResTime" : 803.6106489184688,
    "medianResTime" : 635.0,
    "minResTime" : 362.0,
    "maxResTime" : 17477.0,
    "pct1ResTime" : 1357.8000000000004,
    "pct2ResTime" : 1603.5,
    "pct3ResTime" : 2890.9400000000046,
    "throughput" : 3.5349822074522836,
    "receivedKBytesPerSec" : 1.8710550355850957,
    "sentKBytesPerSec" : 1.7019006135488046
  },
  "管理员密码登录" : {
    "transaction" : "管理员密码登录",
    "sampleCount" : 640,
    "errorCount" : 0,
    "errorPct" : 0.0,
    "meanResTime" : 1378.9000000000003,
    "medianResTime" : 1050.5,
    "minResTime" : 528.0,
    "maxResTime" : 14802.0,
    "pct1ResTime" : 2621.8999999999987,
    "pct2ResTime" : 3068.3499999999963,
    "pct3ResTime" : 5490.090000000005,
    "throughput" : 3.72476327383412,
    "receivedKBytesPerSec" : 2.909971307682906,
    "sentKBytesPerSec" : 1.2549251264382533
  },
  "获取当前用户信息" : {
    "transaction" : "获取当前用户信息",
    "sampleCount" : 632,
    "errorCount" : 0,
    "errorPct" : 0.0,
    "meanResTime" : 310.8132911392406,
    "medianResTime" : 212.5,
    "minResTime" : 135.0,
    "maxResTime" : 3597.0,
    "pct1ResTime" : 522.7,
    "pct2ResTime" : 755.8000000000002,
    "pct3ResTime" : 1498.1699999999978,
    "throughput" : 3.699086349083715,
    "receivedKBytesPerSec" : 2.7201289266211304,
    "sentKBytesPerSec" : 1.60028833266024
  },
  "查询 OKR 详情" : {
    "transaction" : "查询 OKR 详情",
    "sampleCount" : 610,
    "errorCount" : 0,
    "errorPct" : 0.0,
    "meanResTime" : 1229.559016393442,
    "medianResTime" : 821.0,
    "minResTime" : 274.0,
    "maxResTime" : 30684.0,
    "pct1ResTime" : 2234.4999999999995,
    "pct2ResTime" : 3095.749999999999,
    "pct3ResTime" : 7415.4899999999925,
    "throughput" : 3.5697983356546774,
    "receivedKBytesPerSec" : 14.57900062471471,
    "sentKBytesPerSec" : 1.7779269054530134
  },
  "条件分页查询用户列表" : {
    "transaction" : "条件分页查询用户列表",
    "sampleCount" : 596,
    "errorCount" : 0,
    "errorPct" : 0.0,
    "meanResTime" : 670.7248322147648,
    "medianResTime" : 378.0,
    "minResTime" : 180.0,
    "maxResTime" : 33341.0,
    "pct1ResTime" : 1391.3000000000002,
    "pct2ResTime" : 1756.75,
    "pct3ResTime" : 3203.4999999999986,
    "throughput" : 3.2344896452915384,
    "receivedKBytesPerSec" : 4.835941061466157,
    "sentKBytesPerSec" : 1.82255910677072
  },
  "查看团队树" : {
    "transaction" : "查看团队树",
    "sampleCount" : 605,
    "errorCount" : 0,
    "errorPct" : 0.0,
    "meanResTime" : 1018.3917355371909,
    "medianResTime" : 626.0,
    "minResTime" : 364.0,
    "maxResTime" : 13280.0,
    "pct1ResTime" : 1886.5999999999997,
    "pct2ResTime" : 2705.4999999999977,
    "pct3ResTime" : 6924.779999999986,
    "throughput" : 3.5575888368154582,
    "receivedKBytesPerSec" : 6.041647448459064,
    "sentKBytesPerSec" : 1.6050840259850994
  },
  "访问文件资源" : {
    "transaction" : "访问文件资源",
    "sampleCount" : 630,
    "errorCount" : 2,
    "errorPct" : 0.31746033,
    "meanResTime" : 4409.020634920628,
    "medianResTime" : 2034.0,
    "minResTime" : 93.0,
    "maxResTime" : 79749.0,
    "pct1ResTime" : 11264.799999999996,
    "pct2ResTime" : 16685.899999999994,
    "pct3ResTime" : 38674.40999999985,
    "throughput" : 3.5501758182309984,
    "receivedKBytesPerSec" : 72.84727226396967,
    "sentKBytesPerSec" : 1.5137114974979715
  }
}